employeeId,employeeName,companyName,year,leaveType,policyId,policyQuota,openingBalance,carriedForward,approvedApplied,pendingApplied,totalApplied,storedUsed,storedPending,storedClosing,expectedClosingStandard,expectedClosingRabs,isDuplicate,duplicateRecordCount,duplicatePolicyIds,balanceDocId,createdAt,flags
6672a2501aa931b68b091123,,,2026,lwp,,,1000,0,0,0,0,0,0,2000,1000,1000,false,1,,69e21187f7b0e5252f8ac907,2026-04-17T10:55:03.568Z,CLOSING_BALANCE_MISMATCH
6672a2501aa931b68b091123,,,2026,privilege,,,25,0,0,0,0,10,0,15,25,25,false,1,,6a48f4ee7c50fde9c3d2fcb8,2026-07-04T11:56:30.565Z,SYNC_DRIFT | CREATED_AFTER_HR_FIX | CLOSING_BALANCE_MISMATCH
6672a2501aa931b68b091fae,,,2026,lwp,,,1000,0,0,0,0,0,0,2000,1000,1000,false,1,,69e0db739c5f930799950121,2026-04-16T12:52:03.637Z,CLOSING_BALANCE_MISMATCH
6672a2501aa931b68b091fae,,,2026,privilege,,,25,0,0,0,0,12,0,13,25,25,false,1,,69e0db7b9c5f930799950130,2026-04-16T12:52:11.969Z,SYNC_DRIFT | CLOSING_BALANCE_MISMATCH
6672a2501aa931b68b091faf,,,2026,lwp,,,1000,0,0,0,0,0,0,2000,1000,1000,false,1,,69df91b5540bb18fd26561f4,2026-04-15T13:25:09.242Z,CLOSING_BALANCE_MISMATCH
6672a2501aa931b68b091faf,,,2026,privilege,,,25,0,0,0,0,1,0,24,25,25,false,1,,69de1fbfbd1a7aa798b20689,2026-04-14T11:06:39.154Z,SYNC_DRIFT | CLOSING_BALANCE_MISMATCH
6672a2501aa931b68b091fb2,,,2026,lwp,,,2000,0,0,0,0,0,0,2000,2000,2000,false,1,,6a48b1237c50fde9c3cd2f27,2026-07-04T07:07:15.411Z,CREATED_AFTER_HR_FIX
6672a2501aa931b68b091fb6,,,2026,lwp,,,9007199254740991,0,0,0,0,0,0,2000,9007199254740991,9007199254740991,false,1,,6a27c54af2433a397eb5cd23,2026-06-09T07:48:26.188Z,CLOSING_BALANCE_MISMATCH
6672a2501aa931b68b091fb6,,,2026,privilege,,,25,0,0,0,0,22,0,3,25,25,false,1,,69d50ce0c8b8de4ee904c746,2026-04-07T13:55:44.700Z,SYNC_DRIFT | CLOSING_BALANCE_MISMATCH
6672a2501aa931b68b091fb7,,,2026,lwp,,,1000,0,0,0,0,2,0,998,1000,1000,false,1,,69d33f49ff166b746b2f21c8,2026-04-06T05:06:17.129Z,SYNC_DRIFT | CLOSING_BALANCE_MISMATCH
6672a2501aa931b68b091fb7,,,2026,privilege,,,25,0,0,0,0,4,0,21,25,25,false,1,,6a50e56d472428bcf5f591d0,2026-07-10T12:28:29.691Z,SYNC_DRIFT | CREATED_AFTER_HR_FIX | CLOSING_BALANCE_MISMATCH
6672a2501aa931b68b091fb9,,,2026,lwp,,,0,0,0,0,0,0,0,2000,0,0,false,1,,69d5f470086d2a3620d4c958,2026-04-08T06:23:44.317Z,CLOSING_BALANCE_MISMATCH
6672a2501aa931b68b091fb9,,,2026,privilege,,,32,0,0,0,0,9.5,0,22.5,32,32,false,1,,69da04da9c9b98d43b082a68,2026-04-11T08:22:50.165Z,SYNC_DRIFT | CLOSING_BALANCE_MISMATCH
6672a2501aa931b68b091fbd,,,2026,lwp,,,2000,0,0,0,0,0,0,2000,2000,2000,false,1,,6a47c832887665bd4c59f202,2026-07-03T14:33:22.471Z,CREATED_AFTER_HR_FIX
6672a2501aa931b68b091fbd,,,2026,privilege,,,25,0,0,0,0,6,0,19,25,25,false,1,,6a463a3b046c4b4731458905,2026-07-02T10:15:23.244Z,SYNC_DRIFT | CREATED_AFTER_HR_FIX | CLOSING_BALANCE_MISMATCH
6672a2501aa931b68b091fc1,,,2026,lwp,,,1000,0,0,0,0,0,0,2000,1000,1000,false,1,,69e0ca719c5f930799942a96,2026-04-16T11:39:29.937Z,CLOSING_BALANCE_MISMATCH
6672a2501aa931b68b091fc1,,,2026,privilege,,,32,0,0,0,0,7,1,24,32,32,false,1,,69e0ca82f7b0e5252f855176,2026-04-16T11:39:46.120Z,SYNC_DRIFT | CLOSING_BALANCE_MISMATCH
6672a2501aa931b68b091fc3,,,2026,lwp,,,2000,0,0,0,0,0,0,2000,2000,2000,false,1,,6a47bcc5887665bd4c581582,2026-07-03T13:44:37.027Z,CREATED_AFTER_HR_FIX
6672a2501aa931b68b091fc3,,,2026,privilege,,,25,0,0,0,0,23,0,2,25,25,false,1,,69da02b7d97d29d2ac269c25,2026-04-11T08:13:43.665Z,SYNC_DRIFT | CLOSING_BALANCE_MISMATCH
6672a2501aa931b68b091fc4,,,2026,lwp,,,100,0,0,0,0,0,0,2000,100,100,false,1,,69e0d1f7785c54fce68a7170,2026-04-16T12:11:35.187Z,CLOSING_BALANCE_MISMATCH
6672a2501aa931b68b091fc4,,,2026,privilege,,,20,0,0,0,0,0,0,20,20,20,false,1,,6a4513981ed65cfdd4c5fdb4,2026-07-01T13:18:16.418Z,CREATED_AFTER_HR_FIX
6672a2501aa931b68b091fc5,,,2026,lwp,,,100,0,0,0,0,0,0,2000,100,100,false,1,,6a1fc825a48912b57372ce43,2026-06-03T06:22:29.017Z,CLOSING_BALANCE_MISMATCH
6672a2501aa931b68b091fc5,,,2026,privilege,,,30,0,0,0,0,9,0,21,30,30,false,1,,69d9f23bf22b9571a81c33e7,2026-04-11T07:03:23.534Z,SYNC_DRIFT | CLOSING_BALANCE_MISMATCH
6672a2501aa931b68b091fc6,,,2026,lwp,,,1000,0,0,0,0,0,0,2000,1000,1000,false,1,,69df4bd4b37f05820fce405a,2026-04-15T08:27:00.998Z,CLOSING_BALANCE_MISMATCH
6672a2501aa931b68b091fc6,,,2026,privilege,,,25,0,0,0,0,6.5,0,18.5,25,25,false,1,,6a4f3ba905f494559e3e319d,2026-07-09T06:11:53.654Z,SYNC_DRIFT | CREATED_AFTER_HR_FIX | CLOSING_BALANCE_MISMATCH
6672a2501aa931b68b091fc7,,,2026,lwp,,,1000,0,0,0,0,0,0,2000,1000,1000,false,1,,69df4d70e129d28e1d635318,2026-04-15T08:33:52.787Z,CLOSING_BALANCE_MISMATCH
6672a2501aa931b68b091fc7,,,2026,privilege,,,47,0,0,0,0,3,0,44,47,47,false,1,,69df4d68b37f05820fce50fa,2026-04-15T08:33:44.446Z,SYNC_DRIFT | CLOSING_BALANCE_MISMATCH
6672a2501aa931b68b091fc8,,,2026,lwp,,,2000,0,0,0,0,0,0,2000,2000,2000,false,1,,6a47a9ce5fffe7f92adfd2b1,2026-07-03T12:23:42.653Z,CREATED_AFTER_HR_FIX
6672a2501aa931b68b091fc8,,,2026,privilege,,,25,0,0,0,0,12.5,0,12.5,25,25,false,1,,6a490a89887665bd4c6a7283,2026-07-04T13:28:41.640Z,SYNC_DRIFT | CREATED_AFTER_HR_FIX | CLOSING_BALANCE_MISMATCH
6672a2501aa931b68b091fca,,,2026,lwp,,,100,0,0,0,0,0,0,2000,100,100,false,1,,6a1fc930a48912b57372ce45,2026-06-03T06:26:56.257Z,CLOSING_BALANCE_MISMATCH
6672a2501aa931b68b091fca,,,2026,privilege,,,39,0,0,0,0,8.5,0,30.5,39,39,false,1,,6a4625d7d42a5aa9c3070d0f,2026-07-02T08:48:23.230Z,SYNC_DRIFT | CREATED_AFTER_HR_FIX | CLOSING_BALANCE_MISMATCH
6672a2501aa931b68b091fcd,,,2026,lwp,,,1000,0,0,0,0,0,0,2000,1000,1000,false,1,,69df97ba540bb18fd2659d24,2026-04-15T13:50:50.718Z,CLOSING_BALANCE_MISMATCH
6672a2501aa931b68b091fcd,,,2026,privilege,,,39,0,0,0,0,3,0,36,39,39,false,1,,69df97d6bd304c95cd1c796a,2026-04-15T13:51:18.259Z,SYNC_DRIFT | CLOSING_BALANCE_MISMATCH
6672a2501aa931b68b091fce,,,2026,lwp,,,1000,0,0,0,0,0,0,2000,1000,1000,false,1,,69df524eed4eed4cf6f2cef8,2026-04-15T08:54:38.144Z,CLOSING_BALANCE_MISMATCH
6672a2501aa931b68b091fce,,,2026,privilege,,,36.5,0,0,0,0,6,0,30.5,36.5,36.5,false,1,,69d6102631430ee96b68268a,2026-04-08T08:21:58.766Z,SYNC_DRIFT | CLOSING_BALANCE_MISMATCH
6672a2501aa931b68b091fd0,,,2026,lwp,,,100,0,0,0,0,0,0,2000,100,100,false,1,,6a1fc839a48912b57372ce44,2026-06-03T06:22:49.616Z,CLOSING_BALANCE_MISMATCH
6672a2501aa931b68b091fd0,,,2026,privilege,,,76,0,0,0,0,12.5,0,63.5,76,76,false,1,,69d62b2731430ee96b69a80e,2026-04-08T10:17:11.551Z,SYNC_DRIFT | CLOSING_BALANCE_MISMATCH
6672a2501aa931b68b091fd1,,,2026,lwp,,,1000,0,0,0,0,0,0,2000,1000,1000,false,1,,69e609aa70e9db12f5231e16,2026-04-20T11:10:35.000Z,CLOSING_BALANCE_MISMATCH
6672a2501aa931b68b091fd1,,,2026,privilege,,,41,0,0,0,0,9,1,31,41,41,false,1,,69cf4e61022d6d7c6d4c1103,2026-04-03T05:21:37.001Z,SYNC_DRIFT | CLOSING_BALANCE_MISMATCH
6672a2501aa931b68b091fd2,,,2026,lwp,,,2000,0,0,0,0,0,0,2000,2000,2000,false,1,,6a47ba107c50fde9c3c149ca,2026-07-03T13:33:04.195Z,CREATED_AFTER_HR_FIX
6672a2501aa931b68b091fd2,,,2026,privilege,,,25,0,0,0,0,8,1,16,25,25,false,1,,69d7afe2df4d0326b79d7ab5,2026-04-09T13:55:46.257Z,SYNC_DRIFT | CLOSING_BALANCE_MISMATCH
6672a2501aa931b68b091fd4,,,2026,lwp,,,2000,0,0,0,0,0,0,2000,2000,2000,false,1,,6a47c5e6887665bd4c59eb9c,2026-07-03T14:23:34.749Z,CREATED_AFTER_HR_FIX
6672a2501aa931b68b091fd4,,,2026,privilege,,,72,0,0,0,0,6.5,0,65.5,72,72,false,1,,69d9f7119c9b98d43b075781,2026-04-11T07:24:01.635Z,SYNC_DRIFT | CLOSING_BALANCE_MISMATCH
6672a2501aa931b68b091fd6,,,2026,lwp,,,9007199254740991,0,0,0,0,0,0,2000,9007199254740991,9007199254740991,false,1,,69fc0839fc90b41da1f36837,2026-05-07T03:34:17.561Z,CLOSING_BALANCE_MISMATCH
6672a2501aa931b68b091fd6,,,2026,privilege,,,25,0,0,0,0,3,0,22,25,25,false,1,,69d9fe04d97d29d2ac2653ca,2026-04-11T07:53:40.505Z,SYNC_DRIFT | CLOSING_BALANCE_MISMATCH
6672a2501aa931b68b091fd7,,,2026,lwp,,,2000,0,0,0,0,0,0,2000,2000,2000,false,1,,6a47aeed2268cbee11b08e01,2026-07-03T12:45:33.551Z,CREATED_AFTER_HR_FIX
6672a2501aa931b68b091fd7,,,2026,privilege,,,37,0,0,0,0,18,0,19,37,37,false,1,,69d632cf8a2ef1f9142523bf,2026-04-08T10:49:51.809Z,SYNC_DRIFT | CLOSING_BALANCE_MISMATCH
6672a2501aa931b68b091fd8,,,2026,lwp,,,2000,0,0,0,0,0,0,2000,2000,2000,false,1,,6a488f01887665bd4c5e6df0,2026-07-04T04:41:37.863Z,CREATED_AFTER_HR_FIX
6672a2501aa931b68b091fd8,,,2026,privilege,,,27,0,0,0,0,9,0,18,27,27,false,1,,69d9f001b23841e68b4b8750,2026-04-11T06:53:53.313Z,SYNC_DRIFT | CLOSING_BALANCE_MISMATCH
6672a2501aa931b68b091fd9,,,2026,lwp,,,2000,0,0,0,0,0,0,2000,2000,2000,false,1,,6a47b8697c50fde9c3c12646,2026-07-03T13:26:01.340Z,CREATED_AFTER_HR_FIX
6672a2501aa931b68b091fd9,,,2026,privilege,,,25,0,0,0,0,4,0,21,25,25,false,1,,69da014bb23841e68b4cdf92,2026-04-11T08:07:39.305Z,SYNC_DRIFT | CLOSING_BALANCE_MISMATCH
6672a2501aa931b68b091fda,,,2026,lwp,,,2000,0,0,0,0,0,0,2000,2000,2000,false,1,,6a47a8bf5fffe7f92adfca59,2026-07-03T12:19:11.392Z,CREATED_AFTER_HR_FIX
6672a2501aa931b68b091fda,,,2026,privilege,,,43,0,0,0,0,21.5,0,21.5,43,43,false,1,,69d50908c8b8de4ee904a5f2,2026-04-07T13:39:20.360Z,SYNC_DRIFT | CLOSING_BALANCE_MISMATCH
6672a2501aa931b68b091fdb,,,2026,lwp,,,2000,0,0,0,0,0,0,2000,2000,2000,false,1,,6a47bfc1887665bd4c59d224,2026-07-03T13:57:21.372Z,CREATED_AFTER_HR_FIX
6672a2501aa931b68b091fdb,,,2026,privilege,,,49.5,0,0,0,0,7,0,42.5,49.5,49.5,false,1,,69da048eb23841e68b4d3ea1,2026-04-11T08:21:34.511Z,SYNC_DRIFT | CLOSING_BALANCE_MISMATCH
6672a2501aa931b68b091fdd,,,2026,lwp,,,2000,0,0,0,0,0,0,2000,2000,2000,false,1,,6a47c38b5c3b48b604ee71e4,2026-07-03T14:13:31.224Z,CREATED_AFTER_HR_FIX
6672a2501aa931b68b091fdd,,,2026,privilege,,,40.5,0,0,0,0,25,0,15.5,40.5,40.5,false,1,,69da04669c9b98d43b082688,2026-04-11T08:20:54.080Z,SYNC_DRIFT | CLOSING_BALANCE_MISMATCH
6672a2501aa931b68b091fdf,,,2026,lwp,,,2000,0,0,0,0,0,0,2000,2000,2000,false,1,,6a48bce1428761305311d894,2026-07-04T07:57:21.407Z,CREATED_AFTER_HR_FIX
6672a2501aa931b68b091fe0,,,2026,lwp,,,2000,0,0,0,0,0,0,2000,2000,2000,false,1,,6a47bd925c3b48b604ed0935,2026-07-03T13:48:02.999Z,CREATED_AFTER_HR_FIX
6672a2501aa931b68b091fe0,,,2026,privilege,,,166,0,0,0,0,1,0,165,166,166,false,1,,69da0522b23841e68b4d3fb9,2026-04-11T08:24:02.151Z,SYNC_DRIFT | CLOSING_BALANCE_MISMATCH
6672a2501aa931b68b091fe1,,,2026,lwp,,,2000,0,0,0,0,0,0,2000,2000,2000,false,1,,6a47b1125fffe7f92ae05dd1,2026-07-03T12:54:42.426Z,CREATED_AFTER_HR_FIX
6672a2501aa931b68b091fe1,,,2026,privilege,,,25,0,0,0,0,13,0,12,25,25,false,1,,69ce1466bef4ffa9297942eb,2026-04-02T07:01:58.973Z,SYNC_DRIFT | CLOSING_BALANCE_MISMATCH
6672a2501aa931b68b091fe3,,,2026,lwp,,,2000,0,0,0,0,0,0,2000,2000,2000,false,1,,6a47b9ea5c3b48b604ec405a,2026-07-03T13:32:26.485Z,CREATED_AFTER_HR_FIX
6672a2501aa931b68b091fe3,,,2026,privilege,,,57.5,0,0,0,0,6,0,51.5,57.5,57.5,false,1,,69da0575f22b9571a81d8c0a,2026-04-11T08:25:25.704Z,SYNC_DRIFT | CLOSING_BALANCE_MISMATCH
6672a2501aa931b68b091fe4,,,2026,lwp,,,100,0,0,0,0,0,0,2000,100,100,false,1,,69e9e88c000dd21a5532d489,2026-04-23T09:38:20.333Z,CLOSING_BALANCE_MISMATCH
6672a2501aa931b68b091fe4,,,2026,privilege,,,77,0,0,0,0,5,1,71,77,77,false,1,,69da05959c9b98d43b082ec7,2026-04-11T08:25:57.213Z,SYNC_DRIFT | CLOSING_BALANCE_MISMATCH
6672a2501aa931b68b091fe5,,,2026,lwp,,,9007199254740991,0,0,0,0,0,0,2000,9007199254740991,9007199254740991,false,1,,69f067988c7a42a6b3d85599,2026-04-28T07:54:00.702Z,CLOSING_BALANCE_MISMATCH
6672a2501aa931b68b091fe5,,,2026,privilege,,,33,0,0,0,0,28,0,5,33,33,false,1,,69da05d6b23841e68b4d46b8,2026-04-11T08:27:02.652Z,SYNC_DRIFT | CLOSING_BALANCE_MISMATCH
6672a2501aa931b68b091fe6,,,2026,lwp,,,2000,0,0,0,0,0,0,2000,2000,2000,false,1,,6a47a82c2268cbee11afff69,2026-07-03T12:16:44.835Z,CREATED_AFTER_HR_FIX
6672a2501aa931b68b091fe6,,,2026,privilege,,,26,0,0,0,0,20,0,6,26,26,false,1,,69da05fb9c9b98d43b08337f,2026-04-11T08:27:39.848Z,SYNC_DRIFT | CLOSING_BALANCE_MISMATCH
6672a2501aa931b68b091fe7,,,2026,lwp,,,2000,0,0,0,0,0,0,2000,2000,2000,false,1,,6a48d3475c3b48b604fb08bc,2026-07-04T09:32:55.289Z,CREATED_AFTER_HR_FIX
6672a2501aa931b68b091fe8,,,2026,lwp,,,2000,0,0,0,0,0,0,2000,2000,2000,false,1,,6a48ff11887665bd4c69dfc0,2026-07-04T12:39:45.430Z,CREATED_AFTER_HR_FIX
6672a2501aa931b68b091fe9,,,2026,lwp,,,2000,0,0,0,0,0,0,2000,2000,2000,false,1,,6a47b93f4287613053052b8e,2026-07-03T13:29:35.447Z,CREATED_AFTER_HR_FIX
6672a2501aa931b68b091fe9,,,2026,privilege,,,117.5,0,0,0,0,7.5,1,109,117.5,117.5,false,1,,69da0668d97d29d2ac26c705,2026-04-11T08:29:28.145Z,SYNC_DRIFT | CLOSING_BALANCE_MISMATCH
6672a2501aa931b68b091fea,,,2026,lwp,,,9007199254740991,0,0,0,0,0,0,2000,9007199254740991,9007199254740991,false,1,,69ec49ff51eca69592c9d9ac,2026-04-25T04:58:39.724Z,CLOSING_BALANCE_MISMATCH
6672a2501aa931b68b091fea,,,2026,privilege,,,60.5,0,0,0,0,3,0,57.5,60.5,60.5,false,1,,69da069bf22b9571a81d98aa,2026-04-11T08:30:19.281Z,SYNC_DRIFT | CLOSING_BALANCE_MISMATCH
6672a2501aa931b68b091fed,,,2026,lwp,,,2000,0,0,0,0,0,0,2000,2000,2000,false,1,,6a47bd3a428761305305aaf0,2026-07-03T13:46:34.787Z,CREATED_AFTER_HR_FIX
6672a2501aa931b68b091fed,,,2026,privilege,,,54.5,0,0,0,0,8.5,0,46,54.5,54.5,false,1,,6a4f3baade84b43b782865c1,2026-07-09T06:11:54.755Z,SYNC_DRIFT | CREATED_AFTER_HR_FIX | CLOSING_BALANCE_MISMATCH
6672a2501aa931b68b091fee,,,2026,lwp,,,2000,0,0,0,0,0,0,2000,2000,2000,false,1,,6a487fb3887665bd4c5dc47a,2026-07-04T03:36:19.784Z,CREATED_AFTER_HR_FIX
6672a2501aa931b68b091fee,,,2026,privilege,,,51.5,0,0,0,0,2,0,49.5,51.5,51.5,false,1,,6a3a16a548384a5ff5f57d33,2026-06-23T05:16:21.420Z,SYNC_DRIFT | CLOSING_BALANCE_MISMATCH
6672a2501aa931b68b091fef,,,2026,lwp,,,2000,0,0,0,0,0,0,2000,2000,2000,false,1,,6a47dd7c42876130530a9de5,2026-07-03T16:04:12.123Z,CREATED_AFTER_HR_FIX
6672a2501aa931b68b091fef,,,2026,privilege,,,31.5,0,0,0,0,18,0,13.5,31.5,31.5,false,1,,69da07c99c9b98d43b083e24,2026-04-11T08:35:21.597Z,SYNC_DRIFT | CLOSING_BALANCE_MISMATCH
6672a2501aa931b68b091ff1,,,2026,lwp,,,2000,0,0,0,0,0,0,2000,2000,2000,false,1,,6a47be5b428761305306351d,2026-07-03T13:51:23.485Z,CREATED_AFTER_HR_FIX
6672a2501aa931b68b091ff1,,,2026,privilege,,,25,0,0,0,0,4,0,21,25,25,false,1,,6a58abbe858569bf132491d1,2026-07-16T10:00:30.971Z,SYNC_DRIFT | CREATED_AFTER_HR_FIX | CLOSING_BALANCE_MISMATCH
6672a2501aa931b68b091ff2,,,2026,lwp,,,100,0,0,0,0,0,0,100,100,100,false,1,,6a48fa035c3b48b604fe48c1,2026-07-04T12:18:11.634Z,CREATED_AFTER_HR_FIX
6672a2501aa931b68b091ff2,,,2026,privilege,,,25,0,0,0,0,2,0,23,25,25,false,1,,6a4b7d187c50fde9c3e23815,2026-07-06T10:02:00.187Z,SYNC_DRIFT | CREATED_AFTER_HR_FIX | CLOSING_BALANCE_MISMATCH
6672a2501aa931b68b091ff3,,,2026,lwp,,,100,0,0,0,0,0,0,2000,100,100,false,1,,69f329f346f21e595afd17db,2026-04-30T10:07:47.598Z,CLOSING_BALANCE_MISMATCH
6672a2501aa931b68b091ff3,,,2026,privilege,,,25,0,0,0,0,7,0,18,25,25,false,1,,6a54f36227fbb032e0c3dc39,2026-07-13T14:17:06.594Z,SYNC_DRIFT | CREATED_AFTER_HR_FIX | CLOSING_BALANCE_MISMATCH
6672a2501aa931b68b091ff4,,,2026,lwp,,,2000,0,0,0,0,0,0,2000,2000,2000,false,1,,6a47aa3379846b3236831f9c,2026-07-03T12:25:23.998Z,CREATED_AFTER_HR_FIX
6672a2501aa931b68b091ff4,,,2026,privilege,,,25,0,0,0,0,14,0,11,25,25,false,1,,69d5ff9231430ee96b67bd3d,2026-04-08T07:11:14.364Z,SYNC_DRIFT | CLOSING_BALANCE_MISMATCH
6672a2501aa931b68b091ff6,,,2026,lwp,,,2000,0,0,0,0,0,0,2000,2000,2000,false,1,,6a47bfa55c3b48b604ee53aa,2026-07-03T13:56:53.654Z,CREATED_AFTER_HR_FIX
6672a2501aa931b68b091ff6,,,2026,privilege,,,43.5,0,0,0,0,13,0,30.5,43.5,43.5,false,1,,69da0983b23841e68b4d687e,2026-04-11T08:42:43.455Z,SYNC_DRIFT | CLOSING_BALANCE_MISMATCH
6672a2501aa931b68b091ff7,,,2026,lwp,,,100,0,0,0,0,0,0,2000,100,100,false,1,,69f32a9cef159ad478245119,2026-04-30T10:10:36.201Z,CLOSING_BALANCE_MISMATCH
6672a2501aa931b68b091ff7,,,2026,privilege,,,29.5,0,0,0,0,15,0,14.5,29.5,29.5,false,1,,69da09b9f22b9571a81dbad5,2026-04-11T08:43:37.269Z,SYNC_DRIFT | CLOSING_BALANCE_MISMATCH
6672a2501aa931b68b091ff8,,,2026,lwp,,,100,0,0,0,0,0,0,2000,100,100,false,1,,69f32c70ef159ad478245880,2026-04-30T10:18:24.886Z,CLOSING_BALANCE_MISMATCH
6672a2501aa931b68b091ff8,,,2026,privilege,,,53.5,0,0,0,0,3.5,0,50,53.5,53.5,false,1,,69da09da9c9b98d43b085669,2026-04-11T08:44:10.554Z,SYNC_DRIFT | CLOSING_BALANCE_MISMATCH
6672a2501aa931b68b091ff9,,,2026,lwp,,,2000,0,0,0,0,0,0,2000,2000,2000,false,1,,6a47c55c887665bd4c59ea78,2026-07-03T14:21:16.813Z,CREATED_AFTER_HR_FIX
6672a2501aa931b68b091ff9,,,2026,privilege,,,25,0,0,0,0,2,0,23,25,25,false,1,,69da09fff22b9571a81dbcc8,2026-04-11T08:44:47.264Z,SYNC_DRIFT | CLOSING_BALANCE_MISMATCH
6672a2501aa931b68b091ffb,,,2026,lwp,,,2000,0,0,0,0,0,0,2000,2000,2000,false,1,,6a47c05a887665bd4c59de13,2026-07-03T13:59:54.257Z,CREATED_AFTER_HR_FIX
6672a2501aa931b68b091ffb,,,2026,privilege,,,166,0,0,0,0,6,0,160,166,166,false,1,,69da0ac2b23841e68b4d7546,2026-04-11T08:48:02.156Z,SYNC_DRIFT | CLOSING_BALANCE_MISMATCH
6672a2501aa931b68b091ffc,,,2026,lwp,,,2000,0,0,0,0,0,0,2000,2000,2000,false,1,,6a47d5a4887665bd4c5d30ab,2026-07-03T15:30:44.194Z,CREATED_AFTER_HR_FIX
6672a2501aa931b68b091ffc,,,2026,privilege,,,40,0,0,0,0,3,0,37,40,40,false,1,,69da0afdf22b9571a81dd51a,2026-04-11T08:49:01.047Z,SYNC_DRIFT | CLOSING_BALANCE_MISMATCH
6672a2501aa931b68b091ffd,,,2026,lwp,,,2000,0,0,0,0,0,0,2000,2000,2000,false,1,,6a47b6fa5c3b48b604ec0eb9,2026-07-03T13:19:54.868Z,CREATED_AFTER_HR_FIX
6672a2501aa931b68b091ffd,,,2026,privilege,,,25,0,0,0,0,3,0,22,25,25,false,1,,6a58d4410fc3ee85925ef6dc,2026-07-16T12:53:21.117Z,SYNC_DRIFT | CREATED_AFTER_HR_FIX | CLOSING_BALANCE_MISMATCH
6672a2501aa931b68b091ffe,,,2026,lwp,,,1000,0,0,0,0,0,0,2000,1000,1000,false,1,,69e216fcf7b0e5252f8b1437,2026-04-17T11:18:20.674Z,CLOSING_BALANCE_MISMATCH
6672a2501aa931b68b091ffe,,,2026,privilege,,,25,0,0,0,0,3.5,0,21.5,25,25,false,1,,6a4b7d184287613053273986,2026-07-06T10:02:00.809Z,SYNC_DRIFT | CREATED_AFTER_HR_FIX | CLOSING_BALANCE_MISMATCH
6672a2501aa931b68b092000,,,2026,lwp,,,100,0,0,0,0,0,0,2000,100,100,false,1,,69e0a17552a223d54f0414ab,2026-04-16T08:44:37.452Z,CLOSING_BALANCE_MISMATCH
6672a2501aa931b68b092000,,,2026,privilege,,,25,0,0,0,0,6,0,19,25,25,false,1,,6a5761bbecf0e56955dd970e,2026-07-15T10:32:27.447Z,SYNC_DRIFT | CREATED_AFTER_HR_FIX | CLOSING_BALANCE_MISMATCH
6672a2501aa931b68b092001,,,2026,lwp,,,1000,0,0,0,0,0,0,2000,1000,1000,false,1,,69df9102f7f6b234343ac123,2026-04-15T13:22:10.129Z,CLOSING_BALANCE_MISMATCH
6672a2501aa931b68b092001,,,2026,privilege,,,35.5,0,0,0,0,11,0,24.5,35.5,35.5,false,1,,69da0de1d97d29d2ac271981,2026-04-11T09:01:21.390Z,SYNC_DRIFT | CLOSING_BALANCE_MISMATCH
6672a2501aa931b68b092003,,,2026,lwp,,,2000,0,0,0,0,0,0,2000,2000,2000,false,1,,6a48fbb67c50fde9c3d39cf7,2026-07-04T12:25:26.374Z,CREATED_AFTER_HR_FIX
6672a2501aa931b68b092004,,,2026,lwp,,,2000,0,0,0,0,0,0,2000,2000,2000,false,1,,6a47ba1e4287613053054e68,2026-07-03T13:33:18.665Z,CREATED_AFTER_HR_FIX
6672a2501aa931b68b092004,,,2026,privilege,,,76.5,0,0,0,0,3,0,73.5,76.5,76.5,false,1,,69d5ee5f7d9972f13bebb731,2026-04-08T05:57:51.013Z,SYNC_DRIFT | CLOSING_BALANCE_MISMATCH
6672a2501aa931b68b092005,,,2026,lwp,,,2000,0,0,0,0,0,0,2000,2000,2000,false,1,,6a48fbc15c3b48b604fe771f,2026-07-04T12:25:37.151Z,CREATED_AFTER_HR_FIX
6672a2501aa931b68b092005,,,2026,privilege,,,86.5,0,0,0,0,40,0,46.5,86.5,86.5,false,1,,69da0e66d97d29d2ac271bcf,2026-04-11T09:03:34.560Z,SYNC_DRIFT | CLOSING_BALANCE_MISMATCH
6672a2501aa931b68b092006,,,2026,lwp,,,2000,0,0,0,0,0,0,2000,2000,2000,false,1,,6a47b8e87c50fde9c3c12bc9,2026-07-03T13:28:08.810Z,CREATED_AFTER_HR_FIX
6672a2501aa931b68b092006,,,2026,privilege,,,67.5,0,0,0,0,5,0,62.5,67.5,67.5,false,1,,6a38ec2d6660f902a77a62b1,2026-06-22T08:02:53.422Z,SYNC_DRIFT | CLOSING_BALANCE_MISMATCH
6672a2501aa931b68b092007,,,2026,lwp,,,100,0,0,0,0,0,0,2000,100,100,false,1,,69fee3c8f4a4665a2cc22119,2026-05-09T07:35:36.916Z,CLOSING_BALANCE_MISMATCH
6672a2501aa931b68b092007,,,2026,privilege,,,25,0,0,0,0,2,0,23,25,25,false,1,,69da0f1dd97d29d2ac272502,2026-04-11T09:06:37.635Z,SYNC_DRIFT | CLOSING_BALANCE_MISMATCH
6672a2501aa931b68b092008,,,2026,lwp,,,9007199254740991,0,0,0,0,0,0,2000,9007199254740991,9007199254740991,false,1,,69e077e16e3fe8b3f92dbf63,2026-04-16T05:47:13.508Z,CLOSING_BALANCE_MISMATCH
6672a2501aa931b68b092008,,,2026,privilege,,,25,0,0,0,0,23,0,2,25,25,false,1,,69da0f469c9b98d43b08aa0d,2026-04-11T09:07:18.432Z,SYNC_DRIFT | CLOSING_BALANCE_MISMATCH
6672a2501aa931b68b092009,,,2026,lwp,,,2000,0,0,0,0,0,0,2000,2000,2000,false,1,,6a47de7e5c3b48b604f2086c,2026-07-03T16:08:30.990Z,CREATED_AFTER_HR_FIX
6672a2501aa931b68b092009,,,2026,privilege,,,25,0,0,0,0,0,0,25,25,25,false,1,,69f344238b5a7cb81fb45c9a,2026-04-30T11:59:31.809Z,OK
6672a2501aa931b68b09200c,,,2026,lwp,,,1000,0,0,0,0,0,0,2000,1000,1000,false,1,,69df9b1b77094598592ff3cf,2026-04-15T14:05:15.074Z,CLOSING_BALANCE_MISMATCH
6672a2501aa931b68b09200c,,,2026,privilege,,,61,0,0,0,0,0,0,61,61,61,false,1,,69df9b2cb68fafa4c497e98b,2026-04-15T14:05:32.522Z,OK
6672a2501aa931b68b09200d,,,2026,lwp,,,1000,0,0,0,0,0,0,2000,1000,1000,false,1,,69df9b71b68fafa4c497ea9b,2026-04-15T14:06:41.098Z,CLOSING_BALANCE_MISMATCH
6672a2501aa931b68b09200d,,,2026,privilege,,,25,0,0,0,0,24,0,1,25,25,false,1,,6a58d441858569bf13298648,2026-07-16T12:53:21.905Z,SYNC_DRIFT | CREATED_AFTER_HR_FIX | CLOSING_BALANCE_MISMATCH
6672a2501aa931b68b09200e,,,2026,lwp,,,1000,0,0,0,0,0,0,2000,1000,1000,false,1,,69df9bc360e1a25460cf1238,2026-04-15T14:08:03.557Z,CLOSING_BALANCE_MISMATCH
6672a2501aa931b68b09200e,,,2026,privilege,,,95,0,0,0,0,1,0,94,95,95,false,1,,69df9bbb6e3fe8b3f92cf290,2026-04-15T14:07:55.379Z,SYNC_DRIFT | CLOSING_BALANCE_MISMATCH
6672a2501aa931b68b092010,,,2026,lwp,,,1000,0,0,0,0,0,0,2000,1000,1000,false,1,,69df9cb8b68fafa4c497faef,2026-04-15T14:12:08.929Z,CLOSING_BALANCE_MISMATCH
6672a2501aa931b68b092010,,,2026,privilege,,,25,0,0,0,0,11,0,14,25,25,false,1,,6a58d4420fc3ee85925ef6f9,2026-07-16T12:53:22.940Z,SYNC_DRIFT | CREATED_AFTER_HR_FIX | CLOSING_BALANCE_MISMATCH
6672a2501aa931b68b092013,,,2026,lwp,,,1000,0,0,0,0,0,0,2000,1000,1000,false,1,,69e085c36e3fe8b3f92e3d15,2026-04-16T06:46:27.961Z,CLOSING_BALANCE_MISMATCH
6672a2501aa931b68b092013,,,2026,privilege,,,25,0,0,0,0,0,0,25,25,25,false,1,,69e085d2b68fafa4c4995bbb,2026-04-16T06:46:42.680Z,OK
6672a2501aa931b68b092014,,,2026,lwp,,,1000,0,0,0,0,0,0,2000,1000,1000,false,1,,69e0996d6e3fe8b3f92eb5f9,2026-04-16T08:10:21.260Z,CLOSING_BALANCE_MISMATCH
6672a2501aa931b68b092014,,,2026,privilege,,,36,0,0,0,0,4,0,32,36,36,false,1,,69e099806e3fe8b3f92eb62f,2026-04-16T08:10:40.337Z,SYNC_DRIFT | CLOSING_BALANCE_MISMATCH
667d476104773cd0c087a7d9,,,2026,lwp,,,2000,0,0,0,0,0,0,2000,2000,2000,false,1,,6a48991e887665bd4c5f4191,2026-07-04T05:24:46.097Z,CREATED_AFTER_HR_FIX
667d476104773cd0c087a7d9,,,2026,privilege,,,25,0,0,0,0,6,0,19,25,25,false,1,,6a59ebf5858569bf132dab0c,2026-07-17T08:46:45.912Z,SYNC_DRIFT | CREATED_AFTER_HR_FIX | CLOSING_BALANCE_MISMATCH
6690d3e770bd4bd1218f28bd,,,2026,lwp,,,1000,0,0,0,0,0,0,2000,1000,1000,false,1,,69df9a95b68fafa4c497e467,2026-04-15T14:03:01.059Z,CLOSING_BALANCE_MISMATCH
6690d3e770bd4bd1218f28bd,,,2026,privilege,,,25,0,0,0,0,7.5,0,17.5,25,25,false,1,,6a54857a917d1c3e640a4d4d,2026-07-13T06:28:10.071Z,SYNC_DRIFT | CREATED_AFTER_HR_FIX | CLOSING_BALANCE_MISMATCH
66bc6843cb637a5bb0b0ce04,,,2026,lwp,,,1000,0,0,0,0,0,0,2000,1000,1000,false,1,,69df4fafe129d28e1d636233,2026-04-15T08:43:27.490Z,CLOSING_BALANCE_MISMATCH
66bc6843cb637a5bb0b0ce04,,,2026,privilege,,,27,0,0,0,0,17,0,10,27,27,false,1,,69df4fa7e129d28e1d636186,2026-04-15T08:43:19.615Z,SYNC_DRIFT | CLOSING_BALANCE_MISMATCH
6717a6210baca2a74a8a8bca,,,2026,lwp,,,100,0,0,0,0,0,0,2000,100,100,false,1,,69e0db0b9c5f93079994fbee,2026-04-16T12:50:19.921Z,CLOSING_BALANCE_MISMATCH
6717a6210baca2a74a8a8bca,,,2026,privilege,,,25,0,0,0,0,5,0,20,25,25,false,1,,6a4d00f75f7684b92a169b2f,2026-07-07T13:36:55.324Z,SYNC_DRIFT | CREATED_AFTER_HR_FIX | CLOSING_BALANCE_MISMATCH
673194be4e14f7f72db20944,,,2026,lwp,,,1000,0,0,0,0,0,0,2000,1000,1000,false,1,,69e0cbb5a67e6af94f0d6d4b,2026-04-16T11:44:53.517Z,CLOSING_BALANCE_MISMATCH
673194be4e14f7f72db20944,,,2026,privilege,,,25,0,0,0,0,1,0,24,25,25,false,1,,69e0cbad9c5f930799943aae,2026-04-16T11:44:45.328Z,SYNC_DRIFT | CLOSING_BALANCE_MISMATCH
6746cc4e05cbf32fba72e333,,,2026,lwp,,,1000,0,0,0,0,0,0,2000,1000,1000,false,1,,69e22192785c54fce690988e,2026-04-17T12:03:30.756Z,CLOSING_BALANCE_MISMATCH
6746cc4e05cbf32fba72e333,,,2026,privilege,,,25,0,0,0,0,11.5,0,13.5,25,25,false,1,,6a4625d5046c4b4731448866,2026-07-02T08:48:21.799Z,SYNC_DRIFT | CREATED_AFTER_HR_FIX | CLOSING_BALANCE_MISMATCH
674d66dadf995f4492c15bb9,,,2026,lwp,,,1000,0,0,0,0,0,0,2000,1000,1000,false,1,,69e0cc47785c54fce68a3ead,2026-04-16T11:47:19.271Z,CLOSING_BALANCE_MISMATCH
674d66dadf995f4492c15bb9,,,2026,privilege,,,31,0,0,0,0,4,0,27,31,31,false,1,,69e0cc6a9c5f93079994442e,2026-04-16T11:47:54.874Z,SYNC_DRIFT | CLOSING_BALANCE_MISMATCH
67d582340c097bb06e4b1021,,,2026,lwp,,,1000,0,0,0,0,0,0,2000,1000,1000,false,1,,69e0d033f7b0e5252f858b78,2026-04-16T12:04:03.148Z,CLOSING_BALANCE_MISMATCH
67d582340c097bb06e4b1021,,,2026,privilege,,,25.5,0,0,0,0,4.5,0,21,25.5,25.5,false,1,,69e0d03ef7b0e5252f858baf,2026-04-16T12:04:14.267Z,SYNC_DRIFT | CLOSING_BALANCE_MISMATCH
68525317fecca8549389c9a0,,,2026,lwp,,,1000,0,0,0,0,0,0,2000,1000,1000,false,1,,69e1e3acf7b0e5252f88c881,2026-04-17T07:39:24.207Z,CLOSING_BALANCE_MISMATCH
68525317fecca8549389c9a0,,,2026,privilege,,,42,0,0,0,0,7,0,35,42,42,false,1,,69da0a4ef22b9571a81dc21f,2026-04-11T08:46:06.085Z,SYNC_DRIFT | CLOSING_BALANCE_MISMATCH
6852538cfecca8549389c9a4,,,2026,lwp,,,100,0,0,0,0,1,0,99,100,100,false,1,,69e71eff0280c50560238455,2026-04-21T06:53:51.183Z,SYNC_DRIFT | CLOSING_BALANCE_MISMATCH
6852538cfecca8549389c9a4,,,2026,privilege,,,86.5,0,0,0,0,11,0,75.5,86.5,86.5,false,1,,69d9f6bab23841e68b4bf5e3,2026-04-11T07:22:34.551Z,SYNC_DRIFT | CLOSING_BALANCE_MISMATCH
68525427fecca8549389c9a9,,,2026,lwp,,,2000,0,0,0,0,0,0,2000,2000,2000,false,1,,6a488dde42876130530bb2c3,2026-07-04T04:36:46.423Z,CREATED_AFTER_HR_FIX
68525427fecca8549389c9a9,,,2026,privilege,,,25,0,0,0,0,12,0,13,25,25,false,1,,69d50949edd59dc5df44bab4,2026-04-07T13:40:25.676Z,SYNC_DRIFT | CLOSING_BALANCE_MISMATCH
685258d1fecca8549389c9d6,,,2026,lwp,,,2000,0,0,0,0,0,0,2000,2000,2000,false,1,,6a48acde887665bd4c638990,2026-07-04T06:49:02.616Z,CREATED_AFTER_HR_FIX
685258d1fecca8549389c9d6,,,2026,privilege,,,41,0,0,0,0,4,0,37,41,41,false,1,,69da0aa59c9b98d43b085f8e,2026-04-11T08:47:33.452Z,SYNC_DRIFT | CLOSING_BALANCE_MISMATCH
686caa3dd013cdff352cb649,,,2026,lwp,,,2000,0,0,0,0,0,0,2000,2000,2000,false,1,,6a47bb235c3b48b604ec4dee,2026-07-03T13:37:39.910Z,CREATED_AFTER_HR_FIX
686caa3dd013cdff352cb649,,,2026,privilege,,,25,0,0,0,0,18,0,7,25,25,false,1,,6a50e56d917d1c3e6402a2a0,2026-07-10T12:28:29.108Z,SYNC_DRIFT | CREATED_AFTER_HR_FIX | CLOSING_BALANCE_MISMATCH
689d71c44e1902db8d11a83a,,,2026,lwp,,,1000,0,0,0,0,0,0,2000,1000,1000,false,1,,69e0cd509c5f930799944d35,2026-04-16T11:51:44.776Z,CLOSING_BALANCE_MISMATCH
689d71c44e1902db8d11a83a,,,2026,privilege,,,25,0,0,0,0,0,0,25,25,25,false,1,,69da16a09c9b98d43b08dc16,2026-04-11T09:38:40.295Z,OK
689d89db7af30e39ccea2291,,,2026,lwp,,,2000,0,0,0,0,0,0,2000,2000,2000,false,1,,6a47b5a27c50fde9c3c10596,2026-07-03T13:14:10.210Z,CREATED_AFTER_HR_FIX
689d89db7af30e39ccea2291,,,2026,privilege,,,25,0,0,0,0,1,0,24,25,25,false,1,,69da0945d97d29d2ac26e396,2026-04-11T08:41:41.683Z,SYNC_DRIFT | CLOSING_BALANCE_MISMATCH
68a2e4db5df0a102c344629f,,,2026,lwp,,,1000,0,0,0,0,3,0,2000,1000,1000,false,1,,69e0ccf4f7b0e5252f8564c3,2026-04-16T11:50:12.359Z,SYNC_DRIFT | CLOSING_BALANCE_MISMATCH
68a2e4db5df0a102c344629f,,,2026,privilege,,,0,0,0,0,0,1,0,0,0,0,false,1,,69e0cd0af7b0e5252f8565c6,2026-04-16T11:50:34.272Z,SYNC_DRIFT
68ad50ffd4e8150302c6ef74,,,2026,lwp,,,100,0,0,0,0,0,0,2000,100,100,false,1,,69e2577ca67e6af94f161ec5,2026-04-17T15:53:32.529Z,CLOSING_BALANCE_MISMATCH
68ad50ffd4e8150302c6ef74,,,2026,privilege,,,25,0,0,0,0,3,0,22,25,25,false,1,,6a45121758cd71b9143f7f16,2026-07-01T13:11:51.351Z,SYNC_DRIFT | CREATED_AFTER_HR_FIX | CLOSING_BALANCE_MISMATCH
68ad511702de992bfa4c67d6,,,2026,lwp,,,100,0,0,0,0,0,0,2000,100,100,false,1,,69fc8f7877708d3f483bb89d,2026-05-07T13:11:20.699Z,CLOSING_BALANCE_MISMATCH
68ad511702de992bfa4c67d6,,,2026,privilege,,,25,0,0,0,0,0,0,25,25,25,false,1,,69fc8f6877708d3f483bb89c,2026-05-07T13:11:04.174Z,OK
68ad512cd4e8150302c6efaf,,,2026,lwp,,,1000,0,0,0,0,0,0,2000,1000,1000,false,1,,69df998a60e1a25460cefa85,2026-04-15T13:58:34.973Z,CLOSING_BALANCE_MISMATCH
68ad512cd4e8150302c6efaf,,,2026,privilege,,,32,0,0,0,0,2,0,30,32,32,false,1,,69df99836e3fe8b3f92cd59b,2026-04-15T13:58:27.619Z,SYNC_DRIFT | CLOSING_BALANCE_MISMATCH
68b1594f02de992bfa6d446a,,,2026,lwp,,,1000,0,0,0,0,0,0,2000,1000,1000,false,1,,69df58eab37f05820fceacd0,2026-04-15T09:22:50.961Z,CLOSING_BALANCE_MISMATCH
68b1594f02de992bfa6d446a,,,2026,privilege,,,25,0,0,0,0,5.5,0,19.5,25,25,false,1,,69df576d2ba17917781cec58,2026-04-15T09:16:29.819Z,SYNC_DRIFT | CLOSING_BALANCE_MISMATCH
68cbec5ce8c7877a02a5568b,,,2026,lwp,,,1000,0,0,0,0,0,0,2000,1000,1000,false,1,,69e0cdfd785c54fce68a5273,2026-04-16T11:54:37.799Z,CLOSING_BALANCE_MISMATCH
68cbec5ce8c7877a02a5568b,,,2026,privilege,,,25,0,0,0,0,2,0,23,25,25,false,1,,69e0cf68a67e6af94f0d9ad0,2026-04-16T12:00:40.976Z,SYNC_DRIFT | CLOSING_BALANCE_MISMATCH
68dfaf13a5d41da1bec6905d,,,2026,lwp,,,1000,0,0,0,0,0,0,2000,1000,1000,false,1,,69e0d1309c5f930799947564,2026-04-16T12:08:16.472Z,CLOSING_BALANCE_MISMATCH
68e89c7ba5d41da1befe6d0c,,,2026,lwp,,,24,0,0,0,0,5,0,19,24,24,false,1,,6a38ec305130edb9cc254b5f,2026-06-22T08:02:56.209Z,SYNC_DRIFT | CLOSING_BALANCE_MISMATCH
68e89c7ba5d41da1befe6d0c,,,2026,privilege,,,25,0,0,0,0,0,0,25,25,25,false,1,,6a4f6f80900d51d2fceffeec,2026-07-09T09:53:04.090Z,CREATED_AFTER_HR_FIX
6921589119eeaf8656a8506b,,,2026,lwp,,,100,0,0,0,0,0,0,2000,100,100,false,1,,69e0cbf6a67e6af94f0d70d5,2026-04-16T11:45:58.104Z,CLOSING_BALANCE_MISMATCH
6921589119eeaf8656a8506b,,,2026,privilege,,,25,0,0,0,0,1,0,24,25,25,false,1,,6a4b7a6b5c3b48b6040ce5f2,2026-07-06T09:50:35.049Z,SYNC_DRIFT | CREATED_AFTER_HR_FIX | CLOSING_BALANCE_MISMATCH
692426afd2e28c3215bc914b,,,2026,lwp,,,100,0,0,0,0,0,0,100,100,100,false,1,,69df9a506e3fe8b3f92ce013,2026-04-15T14:01:52.963Z,OK
692426afd2e28c3215bc914b,,,2026,privilege,,,25,0,0,0,0,5,0,20,25,25,false,1,,6a54857e472428bcf5fe9278,2026-07-13T06:28:14.151Z,SYNC_DRIFT | CREATED_AFTER_HR_FIX | CLOSING_BALANCE_MISMATCH
692eabf81a7e251fdeeb113f,,,2026,lwp,,,100,0,0,0,0,0,0,2000,100,100,false,1,,69fc8f9f77708d3f483bb89f,2026-05-07T13:11:59.297Z,CLOSING_BALANCE_MISMATCH
692eabf81a7e251fdeeb113f,,,2026,privilege,,,25,0,0,0,0,0,1,24,25,25,false,1,,69fc8f9777708d3f483bb89e,2026-05-07T13:11:51.600Z,CLOSING_BALANCE_MISMATCH
6937e569b367c7f6e9119342,,,2026,casual,,,29,0,0,0,0,20,0,9,29,29,false,1,,6a561701ecf0e56955c93475,2026-07-14T11:01:21.763Z,SYNC_DRIFT | CREATED_AFTER_HR_FIX | CLOSING_BALANCE_MISMATCH
6937e569b367c7f6e9119342,,,2026,lwp,,,2000,0,0,0,0,0,0,2000,2000,2000,false,1,,6a4f5ee669d9ba9d1807f6a9,2026-07-09T08:42:14.153Z,CREATED_AFTER_HR_FIX
695b844b427cdad46a210f1c,,,2026,lwp,,,1000,0,0,0,0,0,0,2000,1000,1000,false,1,,69df9c216e3fe8b3f92cf491,2026-04-15T14:09:37.440Z,CLOSING_BALANCE_MISMATCH
695b844b427cdad46a210f1c,,,2026,privilege,,,25,0,0,0,0,21,0,4,25,25,false,1,,69d8592adf4d0326b79dd8f6,2026-04-10T01:58:02.124Z,SYNC_DRIFT | CLOSING_BALANCE_MISMATCH
69609c79427cdad46a2b5fdb,,,2026,lwp,,,1000,0,0,0,0,0,0,2000,1000,1000,false,1,,69e2034f785c54fce68f8252,2026-04-17T09:54:23.850Z,CLOSING_BALANCE_MISMATCH
69609c79427cdad46a2b5fdb,,,2026,privilege,,,27,0,0,0,0,16,0,11,27,27,false,1,,69e203859c5f930799993582,2026-04-17T09:55:17.533Z,SYNC_DRIFT | CLOSING_BALANCE_MISMATCH
696e363ae1bae1f749fb8ea9,,,2026,lwp,,,2000,0,0,0,0,0,0,2000,2000,2000,false,1,,6a48e61a7c50fde9c3d1b0cc,2026-07-04T10:53:14.758Z,CREATED_AFTER_HR_FIX
696e39dae2e6cdb81b3357a0,,,2026,lwp,,,1000,0,0,0,0,0,0,2000,1000,1000,false,1,,69dceb5e600cc218c6872185,2026-04-13T13:10:54.036Z,CLOSING_BALANCE_MISMATCH
696e39dae2e6cdb81b3357a0,,,2026,privilege,,,25,0,0,0,0,8,0,17,25,25,false,1,,69e0da6df7b0e5252f861ae0,2026-04-16T12:47:41.529Z,SYNC_DRIFT | CLOSING_BALANCE_MISMATCH
696f2427e1bae1f749fc64ac,,,2026,lwp,,,100,0,0,0,0,0,0,2000,100,100,false,1,,6a1fc7f8a48912b57372ce42,2026-06-03T06:21:44.239Z,CLOSING_BALANCE_MISMATCH
696f2427e1bae1f749fc64ac,,,2026,privilege,,,28.5,0,0,0,0,7,0,21.5,28.5,28.5,false,1,,69da11389c9b98d43b08ba46,2026-04-11T09:15:36.680Z,SYNC_DRIFT | CLOSING_BALANCE_MISMATCH
696f48d238045686a859f69d,,,2026,lwp,,,999,0,0,0,0,4,0,2000,999,999,false,1,,6a45120d0dc1da54d41b272e,2026-07-01T13:11:42.024Z,SYNC_DRIFT | CREATED_AFTER_HR_FIX | CLOSING_BALANCE_MISMATCH
696f7ae5e2e6cdb81b34f7ce,,,2026,lwp,,,1000,0,0,0,0,0,0,2000,1000,1000,false,1,,69e210fea67e6af94f130adc,2026-04-17T10:52:46.907Z,CLOSING_BALANCE_MISMATCH
696f7ae5e2e6cdb81b34f7ce,,,2026,privilege,,,25,0,0,0,0,9.5,0,15.5,25,25,false,1,,6a38ec2f48384a5ff5f01e68,2026-06-22T08:02:55.082Z,SYNC_DRIFT | CLOSING_BALANCE_MISMATCH
69731593a443ec792c459a11,,,2026,lwp,,,2000,0,0,0,0,0,0,2000,2000,2000,false,1,,6a55fa7de147e3fd8a015d41,2026-07-14T08:59:41.236Z,CREATED_AFTER_HR_FIX
697315eb22f76fdf985a9588,,,2026,casual,,,12,0,0,0,0,6,0,6,12,12,false,1,,6a5618b68298f86d96953f1d,2026-07-14T11:08:38.379Z,SYNC_DRIFT | CREATED_AFTER_HR_FIX | CLOSING_BALANCE_MISMATCH
697315eb22f76fdf985a9588,,,2026,lwp,,,2000,0,0,0,0,0,0,2000,2000,2000,false,1,,6a50686d69d9ba9d180bfb73,2026-07-10T03:35:09.285Z,CREATED_AFTER_HR_FIX
6979dc3c22f76fdf9865e200,,,2026,lwp,,,1000,0,0,0,0,0,0,2000,1000,1000,false,1,,69e0d9dd9c5f93079994e53e,2026-04-16T12:45:17.420Z,CLOSING_BALANCE_MISMATCH
6979dc3c22f76fdf9865e200,,,2026,privilege,,,25,0,0,0,0,5,0,20,25,25,false,1,,69da0fecb23841e68b4dc38c,2026-04-11T09:10:04.870Z,SYNC_DRIFT | CLOSING_BALANCE_MISMATCH
69804d6fdb43a20e654eb45c,,,2026,lwp,,,1000,0,0,0,0,0,0,2000,1000,1000,false,1,,69e2047ba67e6af94f129da2,2026-04-17T09:59:23.603Z,CLOSING_BALANCE_MISMATCH
69804d6fdb43a20e654eb45c,,,2026,privilege,,,25,0,0,0,0,5,0,20,25,25,false,1,,6a4f3bb1de84b43b782865f8,2026-07-09T06:12:01.329Z,SYNC_DRIFT | CREATED_AFTER_HR_FIX | CLOSING_BALANCE_MISMATCH
69804d90317a48004a054770,,,2026,lwp,,,999,0,0,0,0,0.5,0,2000,999,999,false,1,,6a45120558cd71b9143f753c,2026-07-01T13:11:33.842Z,SYNC_DRIFT | CREATED_AFTER_HR_FIX | CLOSING_BALANCE_MISMATCH
69804d90317a48004a054770,,,2026,privilege,,,25,0,0,0,0,12,0,13,25,25,false,1,,6a4512060f0806e541d813af,2026-07-01T13:11:34.756Z,SYNC_DRIFT | CREATED_AFTER_HR_FIX | CLOSING_BALANCE_MISMATCH
69804de8317a48004a05479a,,,2026,lwp,,,1000,0,0,0,0,0,0,2000,1000,1000,false,1,,69e203e2a67e6af94f129b8c,2026-04-17T09:56:50.157Z,CLOSING_BALANCE_MISMATCH
69804de8317a48004a05479a,,,2026,privilege,,,25,0,0,0,0,0,0,25,25,25,false,1,,6a4f6f95900d51d2fceffeed,2026-07-09T09:53:25.172Z,CREATED_AFTER_HR_FIX
69807755317a48004a06b79c,,,2026,lwp,,,1000,0,0,0,0,0,0,2000,1000,1000,false,1,,69e0d916f7b0e5252f860af3,2026-04-16T12:41:58.988Z,CLOSING_BALANCE_MISMATCH
69807755317a48004a06b79c,,,2026,privilege,,,41,0,0,0,0,8.5,0,32.5,41,41,false,1,,69d3748f5eff41f9a49130be,2026-04-06T08:53:35.279Z,SYNC_DRIFT | CLOSING_BALANCE_MISMATCH
69819bc43079240b250f3710,,,2026,lwp,,,1000,0,0,0,0,0,0,2000,1000,1000,false,1,,69e0d574785c54fce68a96cf,2026-04-16T12:26:28.515Z,CLOSING_BALANCE_MISMATCH
69819bc43079240b250f3710,,,2026,privilege,,,25,0,0,0,0,9,0,16,25,25,false,1,,6a3e5eec8a3d258faa755bac,2026-06-26T11:13:48.281Z,SYNC_DRIFT | CLOSING_BALANCE_MISMATCH
6981c69dfd24d48e6c8597b0,,,2026,lwp,,,9007199254740991,0,0,0,0,0,1,9007199254740990,9007199254740991,9007199254740991,false,1,,6a01b0c561df5efb2d0e7e3d,2026-05-11T10:34:45.090Z,CLOSING_BALANCE_MISMATCH
6981c69dfd24d48e6c8597b0,,,2026,privilege,,,25,0,0,0,0,4,0,21,25,25,false,1,,69d735ecdf4d0326b799dcf7,2026-04-09T05:15:24.479Z,SYNC_DRIFT | CLOSING_BALANCE_MISMATCH
6996f0274d307b060bec18eb,,,2026,lwp,,,999,0,0,0,0,19.5,0,979.5,999,999,false,1,,6a48f45d5c3b48b604fde870,2026-07-04T11:54:05.237Z,SYNC_DRIFT | CREATED_AFTER_HR_FIX | CLOSING_BALANCE_MISMATCH
69980bead5f7dccd1a63aff6,,,2026,casual,,,12,0,0,0,0,3,0,9,12,12,false,1,,6a5618ff8298f86d9695407d,2026-07-14T11:09:51.356Z,SYNC_DRIFT | CREATED_AFTER_HR_FIX | CLOSING_BALANCE_MISMATCH
69980bead5f7dccd1a63aff6,,,2026,lwp,,,2000,0,0,0,0,0,0,2000,2000,2000,false,1,,6a4f5274adc9be420d7db7d9,2026-07-09T07:49:08.156Z,CREATED_AFTER_HR_FIX
69a5542d305fe7985ad33dd5,,,2026,lwp,,,1000,0,0,0,0,0,0,1000,1000,1000,false,1,,69e0d76ff7b0e5252f85dd49,2026-04-16T12:34:55.750Z,OK
69a5542d305fe7985ad33dd5,,,2026,privilege,,,25,0,0,0,0,5,0,20,25,25,false,1,,6a4625d9d42a5aa9c3070d28,2026-07-02T08:48:26.014Z,SYNC_DRIFT | CREATED_AFTER_HR_FIX | CLOSING_BALANCE_MISMATCH
69a563a56cf7571d1230d559,,,2026,lwp,,,1000,0,0,0,0,0,0,2000,1000,1000,false,1,,69e0d0ab785c54fce68a68ea,2026-04-16T12:06:03.587Z,CLOSING_BALANCE_MISMATCH
69a563a56cf7571d1230d559,,,2026,privilege,,,48.5,0,0,0,0,2,0,46.5,48.5,48.5,false,1,,69e0d0be9c5f9307999472e9,2026-04-16T12:06:22.724Z,SYNC_DRIFT | CLOSING_BALANCE_MISMATCH
69b92b443dc0a68e09882c15,,,2026,lwp,,,1000,0,0,0,0,11.5,0,2000,1000,1000,false,1,,69f3299b46f21e595afd15b3,2026-04-30T10:06:19.502Z,SYNC_DRIFT | CLOSING_BALANCE_MISMATCH
69c3b65dd933e5323266cc96,,,2026,lwp,,,2000,0,0,0,0,0,0,2000,2000,2000,false,1,,6a48ff18887665bd4c69e02b,2026-07-04T12:39:52.850Z,CREATED_AFTER_HR_FIX
69c4c5e0d933e5323276d0db,,,2026,lwp,,,2000,0,0,0,0,0,0,2000,2000,2000,false,1,,6a47ca864287613053076d91,2026-07-03T14:43:18.725Z,CREATED_AFTER_HR_FIX
69c4c6020a2682acc2b03a24,,,2026,casual,,,12,0,0,0,0,0,0,12,12,12,false,1,,6a564883ecf0e56955cddf0a,2026-07-14T14:32:35.787Z,CREATED_AFTER_HR_FIX
69c4c6020a2682acc2b03a24,,,2026,lwp,,,2000,0,0,0,0,0,0,2000,2000,2000,false,1,,6a4f51c405f494559e400f2b,2026-07-09T07:46:12.818Z,CREATED_AFTER_HR_FIX
69c4c64c0a2682acc2b03b64,,,2026,lwp,,,2000,0,0,0,0,0,0,2000,2000,2000,false,1,,6a47c81c42876130530765d7,2026-07-03T14:33:00.078Z,CREATED_AFTER_HR_FIX
69c4c6aed933e5323276d646,,,2026,lwp,,,2000,0,0,0,0,0,0,2000,2000,2000,false,1,,6a4e3f916ad75f3bc0c7da92,2026-07-08T12:16:17.120Z,CREATED_AFTER_HR_FIX
69c4c6d346442a39f65756d6,,,2026,lwp,,,2000,0,0,0,0,0,0,2000,2000,2000,false,1,,6a4f08ce69d9ba9d1802207b,2026-07-09T02:34:54.500Z,CREATED_AFTER_HR_FIX
69c4c7000a2682acc2b03d59,,,2026,lwp,,,2000,0,0,0,0,0,0,2000,2000,2000,false,1,,6a4f45e3adc9be420d7d178d,2026-07-09T06:55:31.479Z,CREATED_AFTER_HR_FIX
69c4c79d46442a39f6575811,,,2026,lwp,,,2000,0,0,0,0,0,0,2000,2000,2000,false,1,,6a4e3fd9f02480d69f24dd4a,2026-07-08T12:17:29.761Z,CREATED_AFTER_HR_FIX
69c4c7dd46442a39f6575851,,,2026,lwp,,,2000,0,0,0,0,0,0,2000,2000,2000,false,1,,6a47c8a65c3b48b604ee87c4,2026-07-03T14:35:18.002Z,CREATED_AFTER_HR_FIX
69c4c81a0a2682acc2b03e8e,,,2026,lwp,,,2000,0,0,0,0,0,0,2000,2000,2000,false,1,,6a4f0873de84b43b78247179,2026-07-09T02:33:23.083Z,CREATED_AFTER_HR_FIX
69c4c847d933e5323276dd24,,,2026,lwp,,,2000,0,0,0,0,0,0,2000,2000,2000,false,1,,6a4e46006ad75f3bc0c8579d,2026-07-08T12:43:44.354Z,CREATED_AFTER_HR_FIX
69dc8828d97d29d2ac29db1f,,,2026,lwp,,,2000,0,0,0,0,0,0,2000,2000,2000,false,1,,6a47b41a887665bd4c5770cd,2026-07-03T13:07:38.066Z,CREATED_AFTER_HR_FIX
69dc8828d97d29d2ac29db1f,,,2026,privilege,,,43,0,0,0,0,0,0,43,43,43,false,1,,69dcf487add0f438c0613290,2026-04-13T13:49:59.577Z,OK
6a01952661df5efb2d0de50c,,,2026,lwp,,,999,0,0,0,0,6,0,993,999,999,false,1,,6a4f3bb269d9ba9d1806218d,2026-07-09T06:12:02.411Z,SYNC_DRIFT | CREATED_AFTER_HR_FIX | CLOSING_BALANCE_MISMATCH
6a059ab3d065f33262fa04fe,,,2026,lwp,,,2000,0,0,0,0,3,0,1997,2000,2000,false,1,,6a3cddd7845f66ec7110e37b,2026-06-25T07:50:47.247Z,SYNC_DRIFT | CLOSING_BALANCE_MISMATCH
6a0af12ab3d7419155bed6b1,,,2026,lwp,,,999,0,0,0,0,0.5,0,2000,999,999,false,1,,6a45f28352eb74f15d9b0082,2026-07-02T05:09:23.623Z,SYNC_DRIFT | CREATED_AFTER_HR_FIX | CLOSING_BALANCE_MISMATCH
6a0af9ebb3d7419155bf2c04,,,2026,lwp,,,2000,0,0,0,0,0,0,2000,2000,2000,false,1,,6a4df02ea958d803834366f0,2026-07-08T06:37:34.923Z,CREATED_AFTER_HR_FIX
6a17e37b179dec27504955cb,,,2026,lwp,,,24,0,0,0,0,4,0,20,24,24,false,1,,6a4f3bb3adc9be420d7c480b,2026-07-09T06:12:03.545Z,SYNC_DRIFT | CREATED_AFTER_HR_FIX | CLOSING_BALANCE_MISMATCH
6a1d6c0a8eccfc5e170be7d3,,,2026,lwp,,,999,0,0,0,0,4,0,995,999,999,false,1,,6a58abc0858569bf132491ed,2026-07-16T10:00:32.423Z,SYNC_DRIFT | CREATED_AFTER_HR_FIX | CLOSING_BALANCE_MISMATCH
6a214b90b4d2a71c5d27397f,,,2026,lwp,,,2000,0,0,0,0,0,0,2000,2000,2000,false,1,,6a5db25fa90a2b0d59924e79,2026-07-20T05:30:07.798Z,CREATED_AFTER_HR_FIX
6a353faa845f66ec71d85659,,,2026,lwp,,,100,0,0,0,0,0,0,2000,100,100,false,1,,6a3541f92f2c71d488e9299f,2026-06-19T13:19:53.732Z,CLOSING_BALANCE_MISMATCH
6a3540026660f902a76f8c97,,,2026,lwp,,,100,0,0,0,0,0,0,100,100,100,false,1,,6a47b22a79846b323683f158,2026-07-03T12:59:22.351Z,CREATED_AFTER_HR_FIX
6a54c0995269e337df89640d,,,2026,lwp,,,50,0,0,0,0,1,0,49,50,50,false,1,,6a54c5e3aaba69027d89dd2a,2026-07-13T11:02:59.019Z,SYNC_DRIFT | CREATED_AFTER_HR_FIX | CLOSING_BALANCE_MISMATCH
6a55df785944684e59113441,,,2026,casual,,,12,0,0,0,0,0,0,12,12,12,false,1,,6a567128d644f5e972922648,2026-07-14T17:26:00.553Z,CREATED_AFTER_HR_FIX
6a55df785944684e59113441,,,2026,lwp,,,2000,0,0,0,0,0,0,2000,2000,2000,false,1,,6a55e0464b6e6ccd07d2db93,2026-07-14T07:07:50.520Z,CREATED_AFTER_HR_FIX
6a55e4ab4b6e6ccd07d4442d,,,2026,casual,,,12,0,0,0,0,0,0,12,12,12,false,1,,6a5ae3ce0ca8e3caaca84161,2026-07-18T02:24:14.499Z,CREATED_AFTER_HR_FIX
6a55e4ab4b6e6ccd07d4442d,,,2026,lwp,,,2000,0,0,0,0,0,0,2000,2000,2000,false,1,,6a5604598298f86d96944d77,2026-07-14T09:41:45.435Z,CREATED_AFTER_HR_FIX
6a55e6604b6e6ccd07d7dce2,,,2026,lwp,,,2000,0,0,0,0,0,0,2000,2000,2000,false,1,,6a55ffb3d644f5e9728c7e6b,2026-07-14T09:21:55.895Z,CREATED_AFTER_HR_FIX
6a55e754e147e3fd8aff0267,,,2026,lwp,,,2000,0,0,0,0,0,0,2000,2000,2000,false,1,,6a5640108298f86d96970e2d,2026-07-14T13:56:32.523Z,CREATED_AFTER_HR_FIX
6a55e7d3e147e3fd8aff055f,,,2026,lwp,,,2000,0,0,0,0,0,0,2000,2000,2000,false,1,,6a56445a9994cccbfbae2a0f,2026-07-14T14:14:50.388Z,CREATED_AFTER_HR_FIX
6a55e7f75944684e59154975,,,2026,lwp,,,2000,0,0,0,0,0,0,2000,2000,2000,false,1,,6a563ff48298f86d9697081f,2026-07-14T13:56:04.147Z,CREATED_AFTER_HR_FIX
6a55e82b5944684e59154dc9,,,2026,lwp,,,2000,0,0,0,0,0,0,2000,2000,2000,false,1,,6a562f8ed644f5e97290316c,2026-07-14T12:46:06.236Z,CREATED_AFTER_HR_FIX
6a55e8714b6e6ccd07d7f33d,,,2026,casual,,,12,0,0,0,0,0,0,12,12,12,false,1,,6a5b266101e4f0da6cbab97f,2026-07-18T07:08:17.872Z,CREATED_AFTER_HR_FIX
6a55e8714b6e6ccd07d7f33d,,,2026,lwp,,,2000,0,0,0,0,0,0,2000,2000,2000,false,1,,6a5b266101e4f0da6cbab979,2026-07-18T07:08:17.853Z,CREATED_AFTER_HR_FIX
6a55e9535944684e5915653f,,,2026,lwp,,,2000,0,0,0,0,0,0,2000,2000,2000,false,1,,6a55fc3d4b6e6ccd07d8e7bb,2026-07-14T09:07:09.340Z,CREATED_AFTER_HR_FIX
6a55ea2a5944684e5915700d,,,2026,casual,,,12,0,0,0,0,0,0,12,12,12,false,1,,6a56171cecf0e56955c93624,2026-07-14T11:01:48.887Z,CREATED_AFTER_HR_FIX
6a55ea2a5944684e5915700d,,,2026,lwp,,,2000,0,0,0,0,0,0,2000,2000,2000,false,1,,6a56171cecf0e56955c9361e,2026-07-14T11:01:48.873Z,CREATED_AFTER_HR_FIX
6a5605caecf0e56955c85a85,,,2026,casual,,,12,0,0,0,0,0,0,12,12,12,false,1,,6a5710bbecf0e56955cee718,2026-07-15T04:46:51.934Z,CREATED_AFTER_HR_FIX
6a5605caecf0e56955c85a85,,,2026,lwp,,,2000,0,0,0,0,0,0,2000,2000,2000,false,1,,6a5710bbecf0e56955cee712,2026-07-15T04:46:51.915Z,CREATED_AFTER_HR_FIX
6a56061fecf0e56955c85b51,,,2026,casual,,,12,0,0,0,0,0,0,12,12,12,false,1,,6a5666608298f86d9697b6d9,2026-07-14T16:40:00.585Z,CREATED_AFTER_HR_FIX
6a56061fecf0e56955c85b51,,,2026,lwp,,,2000,0,0,0,0,16,0,1984,2000,2000,false,1,,6a561432ecf0e56955c91696,2026-07-14T10:49:22.623Z,SYNC_DRIFT | CREATED_AFTER_HR_FIX | CLOSING_BALANCE_MISMATCH
6a5606639994cccbfbaaf172,,,2026,lwp,,,2000,0,0,0,0,0,0,2000,2000,2000,false,1,,6a5dd929eb4a9b2d8494ab71,2026-07-20T08:15:37.477Z,CREATED_AFTER_HR_FIX
6a5621d58298f86d969581a3,,,2026,lwp,,,30,0,0,0,0,0,0,30,30,30,false,1,,6a56253a8298f86d969598cd,2026-07-14T12:02:02.926Z,CREATED_AFTER_HR_FIX
6a58ade7437e8628f53a81be,,,2026,casual,,,12,0,0,0,0,0,0,12,12,12,false,1,,6a58b6110ca8e3caac9dea5a,2026-07-16T10:44:33.273Z,CREATED_AFTER_HR_FIX
6a58ade7437e8628f53a81be,,,2026,lwp,,,2000,0,0,0,0,0,0,2000,2000,2000,false,1,,6a58b6110ca8e3caac9dea54,2026-07-16T10:44:33.252Z,CREATED_AFTER_HR_FIX